{"cameraMode":{"drawMode":0,"name":"Shaded","section":"Shading Mode"},"sceneLighting":true,"audioPlay":false,"sceneViewState":{"m_AlwaysRefresh":false,"showFog":true,"showSkybox":true,"showFlares":true,"showImageEffects":true,"showParticleSystems":true,"showVisualEffectGraphs":true,"m_FxEnabled":true},"in2DMode":false,"pivot":{"x":-19.236366271972658,"y":-10.218711853027344,"z":-0.7561473846435547},"rotation":{"x":-0.27273306250572207,"y":-0.09076030552387238,"z":0.025849392637610437,"w":-0.9574625492095947},"size":32.820091247558597,"orthographic":false}