{"cameraMode":{"drawMode":0,"name":"Shaded","section":"Shading Mode"},"sceneLighting":true,"audioPlay":false,"sceneViewState":{"m_AlwaysRefresh":false,"showFog":true,"showSkybox":true,"showFlares":true,"showImageEffects":true,"showParticleSystems":true,"showVisualEffectGraphs":true,"m_FxEnabled":true},"in2DMode":false,"pivot":{"x":10.881179809570313,"y":122.57818603515625,"z":475.1415100097656},"rotation":{"x":-0.05826973170042038,"y":-0.08227632939815521,"z":0.004801513627171516,"w":-0.9949047565460205},"size":391.8727722167969,"orthographic":false}