{"cameraMode":{"drawMode":0,"name":"Shaded","section":"Shading Mode"},"sceneLighting":true,"audioPlay":false,"sceneViewState":{"m_AlwaysRefresh":false,"showFog":true,"showSkybox":true,"showFlares":true,"showImageEffects":true,"showParticleSystems":true,"showVisualEffectGraphs":true,"m_FxEnabled":true},"in2DMode":false,"pivot":{"x":22.095134735107423,"y":2.6556801795959474,"z":24.841129302978517},"rotation":{"x":0.06429346650838852,"y":0.9026115536689758,"z":-0.14502406120300294,"w":0.40016186237335207},"size":3.0250444412231447,"orthographic":false}