{"cameraMode":{"drawMode":0,"name":"Shaded","section":"Shading Mode"},"sceneLighting":true,"audioPlay":false,"sceneViewState":{"m_AlwaysRefresh":false,"showFog":true,"showSkybox":true,"showFlares":true,"showImageEffects":true,"showParticleSystems":true,"showVisualEffectGraphs":true,"m_FxEnabled":true},"in2DMode":false,"pivot":{"x":23.701644897460939,"y":2.5756800174713136,"z":24.477760314941408},"rotation":{"x":0.018706265836954118,"y":0.808324933052063,"z":-0.025721389800310136,"w":0.5878780484199524},"size":3.629995584487915,"orthographic":false}